지역,year,밀집도,발생건수
경상북도,2014,389.1138205,3
경상북도,2016,385.2396319,0
경상북도,2017,365.3844152,0
경상북도,2018,367.0793727,0
경상북도,2019,332.211675,0
경상북도,2020,328.5796232,4
전라남도,2012,374.9826546,0
전라남도,2013,349.1662929,0
전라남도,2014,364.3334054,82
전라남도,2015,373.0464275,43
전라남도,2016,368.5285642,18
전라남도,2017,370.1420868,26
전라남도,2018,387.2454265,5
전라남도,2020,386.9227219,9
충청남도,2017,397.9623962,12
충청남도,2018,395.4637738,3
충청남도,2019,387.7407593,0
충청남도,2020,368.8875179,5
